qa_TesterTester173,qa_TesterTester173@TestMail.com,Qualitest91
qa_TesterTester174,qa_TesterTester174@TestMail.com,Qualitest92
qa_TesterTester175,qa_TesterTester175@TestMail.com,Qualitest93
qa_TesterTester176,qa_TesterTester176@TestMail.com,Qualitest94
qa_TesterTester177,qa_TesterTester177@TestMail.com,Qualitest95
qa_TesterTester178,qa_TesterTester178@TestMail.com,Qualitest96
qa_TesterTester179,qa_TesterTester179@TestMail.com,Qualitest97
qa_TesterTester180,qa_TesterTester180@TestMail.com,Qualitest98
qa_TesterTester181,qa_TesterTester181@TestMail.com,Qualitest99
qa_TesterTester182,qa_TesterTester182@TestMail.com,Qualitest100
qa_TesterTester183,qa_TesterTester183@TestMail.com,Qualitest101
qa_TesterTester184,qa_TesterTester184@TestMail.com,Qualitest102
qa_TesterTester185,qa_TesterTester185@TestMail.com,Qualitest103
qa_TesterTester186,qa_TesterTester186@TestMail.com,Qualitest104
qa_TesterTester187,qa_TesterTester187@TestMail.com,Qualitest105
qa_TesterTester188,qa_TesterTester188@TestMail.com,Qualitest106
qa_TesterTester189,qa_TesterTester189@TestMail.com,Qualitest107
qa_TesterTester190,qa_TesterTester190@TestMail.com,Qualitest108
qa_TesterTester191,qa_TesterTester191@TestMail.com,Qualitest109
qa_TesterTester192,qa_TesterTester192@TestMail.com,Qualitest110
qa_TesterTester193,qa_TesterTester193@TestMail.com,Qualitest111
qa_TesterTester194,qa_TesterTester194@TestMail.com,Qualitest112
qa_TesterTester195,qa_TesterTester195@TestMail.com,Qualitest113
qa_TesterTester196,qa_TesterTester196@TestMail.com,Qualitest114
qa_TesterTester197,qa_TesterTester197@TestMail.com,Qualitest115
qa_TesterTester198,qa_TesterTester198@TestMail.com,Qualitest116
qa_TesterTester199,qa_TesterTester199@TestMail.com,Qualitest117
qa_TesterTester200,qa_TesterTester200@TestMail.com,Qualitest118
qa_TesterTester201,qa_TesterTester201@TestMail.com,Qualitest119
qa_TesterTester202,qa_TesterTester202@TestMail.com,Qualitest120
qa_TesterTester203,qa_TesterTester203@TestMail.com,Qualitest121
qa_TesterTester204,qa_TesterTester204@TestMail.com,Qualitest122
qa_TesterTester205,qa_TesterTester205@TestMail.com,Qualitest123
qa_TesterTester206,qa_TesterTester206@TestMail.com,Qualitest124
qa_TesterTester207,qa_TesterTester207@TestMail.com,Qualitest125
qa_TesterTester208,qa_TesterTester208@TestMail.com,Qualitest126
qa_TesterTester209,qa_TesterTester209@TestMail.com,Qualitest127
qa_TesterTester210,qa_TesterTester210@TestMail.com,Qualitest128
qa_TesterTester211,qa_TesterTester211@TestMail.com,Qualitest129
qa_TesterTester212,qa_TesterTester212@TestMail.com,Qualitest130
qa_TesterTester213,qa_TesterTester213@TestMail.com,Qualitest131
qa_TesterTester214,qa_TesterTester214@TestMail.com,Qualitest132
qa_TesterTester215,qa_TesterTester215@TestMail.com,Qualitest133
qa_TesterTester216,qa_TesterTester216@TestMail.com,Qualitest134
qa_TesterTester217,qa_TesterTester217@TestMail.com,Qualitest135
qa_TesterTester218,qa_TesterTester218@TestMail.com,Qualitest136
qa_TesterTester219,qa_TesterTester219@TestMail.com,Qualitest137
qa_TesterTester220,qa_TesterTester220@TestMail.com,Qualitest138
qa_TesterTester221,qa_TesterTester221@TestMail.com,Qualitest139
qa_TesterTester222,qa_TesterTester222@TestMail.com,Qualitest140
qa_TesterTester223,qa_TesterTester223@TestMail.com,Qualitest141
qa_TesterTester224,qa_TesterTester224@TestMail.com,Qualitest142
qa_TesterTester225,qa_TesterTester225@TestMail.com,Qualitest143
qa_TesterTester226,qa_TesterTester226@TestMail.com,Qualitest144
qa_TesterTester227,qa_TesterTester227@TestMail.com,Qualitest145
qa_TesterTester228,qa_TesterTester228@TestMail.com,Qualitest146
qa_TesterTester229,qa_TesterTester229@TestMail.com,Qualitest147
qa_TesterTester230,qa_TesterTester230@TestMail.com,Qualitest148
qa_TesterTester231,qa_TesterTester231@TestMail.com,Qualitest149
qa_TesterTester232,qa_TesterTester232@TestMail.com,Qualitest150
qa_TesterTester233,qa_TesterTester233@TestMail.com,Qualitest151
qa_TesterTester234,qa_TesterTester234@TestMail.com,Qualitest152
qa_TesterTester235,qa_TesterTester235@TestMail.com,Qualitest153
qa_TesterTester236,qa_TesterTester236@TestMail.com,Qualitest154
qa_TesterTester237,qa_TesterTester237@TestMail.com,Qualitest155
qa_TesterTester238,qa_TesterTester238@TestMail.com,Qualitest156
qa_TesterTester239,qa_TesterTester239@TestMail.com,Qualitest157
qa_TesterTester240,qa_TesterTester240@TestMail.com,Qualitest158
qa_TesterTester241,qa_TesterTester241@TestMail.com,Qualitest159
qa_TesterTester242,qa_TesterTester242@TestMail.com,Qualitest160
qa_TesterTester243,qa_TesterTester243@TestMail.com,Qualitest161
qa_TesterTester244,qa_TesterTester244@TestMail.com,Qualitest162
qa_TesterTester245,qa_TesterTester245@TestMail.com,Qualitest163
qa_TesterTester246,qa_TesterTester246@TestMail.com,Qualitest164
qa_TesterTester247,qa_TesterTester247@TestMail.com,Qualitest165
qa_TesterTester248,qa_TesterTester248@TestMail.com,Qualitest166
qa_TesterTester249,qa_TesterTester249@TestMail.com,Qualitest167
qa_TesterTester250,qa_TesterTester250@TestMail.com,Qualitest168
qa_TesterTester251,qa_TesterTester251@TestMail.com,Qualitest169
qa_TesterTester252,qa_TesterTester252@TestMail.com,Qualitest170
qa_TesterTester253,qa_TesterTester253@TestMail.com,Qualitest171
qa_TesterTester254,qa_TesterTester254@TestMail.com,Qualitest172
qa_TesterTester255,qa_TesterTester255@TestMail.com,Qualitest173
qa_TesterTester256,qa_TesterTester256@TestMail.com,Qualitest174
qa_TesterTester257,qa_TesterTester257@TestMail.com,Qualitest175
qa_TesterTester258,qa_TesterTester258@TestMail.com,Qualitest176
qa_TesterTester259,qa_TesterTester259@TestMail.com,Qualitest177
qa_TesterTester260,qa_TesterTester260@TestMail.com,Qualitest178
qa_TesterTester261,qa_TesterTester261@TestMail.com,Qualitest179
qa_TesterTester262,qa_TesterTester262@TestMail.com,Qualitest180
qa_TesterTester263,qa_TesterTester263@TestMail.com,Qualitest181
qa_TesterTester264,qa_TesterTester264@TestMail.com,Qualitest182
qa_TesterTester265,qa_TesterTester265@TestMail.com,Qualitest183
qa_TesterTester266,qa_TesterTester266@TestMail.com,Qualitest184
qa_TesterTester267,qa_TesterTester267@TestMail.com,Qualitest185
qa_TesterTester268,qa_TesterTester268@TestMail.com,Qualitest186
qa_TesterTester269,qa_TesterTester269@TestMail.com,Qualitest187
qa_TesterTester270,qa_TesterTester270@TestMail.com,Qualitest188
qa_TesterTester271,qa_TesterTester271@TestMail.com,Qualitest189
qa_TesterTester272,qa_TesterTester272@TestMail.com,Qualitest190
qa_TesterTester273,qa_TesterTester273@TestMail.com,Qualitest191
qa_TesterTester274,qa_TesterTester274@TestMail.com,Qualitest192
qa_TesterTester275,qa_TesterTester275@TestMail.com,Qualitest193
qa_TesterTester276,qa_TesterTester276@TestMail.com,Qualitest194
qa_TesterTester277,qa_TesterTester277@TestMail.com,Qualitest195
qa_TesterTester278,qa_TesterTester278@TestMail.com,Qualitest196
qa_TesterTester279,qa_TesterTester279@TestMail.com,Qualitest197
qa_TesterTester280,qa_TesterTester280@TestMail.com,Qualitest198
qa_TesterTester281,qa_TesterTester281@TestMail.com,Qualitest199
qa_TesterTester282,qa_TesterTester282@TestMail.com,Qualitest200
qa_TesterTester283,qa_TesterTester283@TestMail.com,Qualitest201
qa_TesterTester284,qa_TesterTester284@TestMail.com,Qualitest202
qa_TesterTester285,qa_TesterTester285@TestMail.com,Qualitest203
qa_TesterTester286,qa_TesterTester286@TestMail.com,Qualitest204
qa_TesterTester287,qa_TesterTester287@TestMail.com,Qualitest205
qa_TesterTester288,qa_TesterTester288@TestMail.com,Qualitest206
qa_TesterTester289,qa_TesterTester289@TestMail.com,Qualitest207
qa_TesterTester290,qa_TesterTester290@TestMail.com,Qualitest208
qa_TesterTester291,qa_TesterTester291@TestMail.com,Qualitest209
qa_TesterTester292,qa_TesterTester292@TestMail.com,Qualitest210
qa_TesterTester293,qa_TesterTester293@TestMail.com,Qualitest211
qa_TesterTester294,qa_TesterTester294@TestMail.com,Qualitest212
qa_TesterTester295,qa_TesterTester295@TestMail.com,Qualitest213
qa_TesterTester296,qa_TesterTester296@TestMail.com,Qualitest214
qa_TesterTester297,qa_TesterTester297@TestMail.com,Qualitest215
qa_TesterTester298,qa_TesterTester298@TestMail.com,Qualitest216
qa_TesterTester299,qa_TesterTester299@TestMail.com,Qualitest217
qa_TesterTester300,qa_TesterTester300@TestMail.com,Qualitest218
qa_TesterTester301,qa_TesterTester301@TestMail.com,Qualitest219
qa_TesterTester302,qa_TesterTester302@TestMail.com,Qualitest220
qa_TesterTester303,qa_TesterTester303@TestMail.com,Qualitest221
qa_TesterTester304,qa_TesterTester304@TestMail.com,Qualitest222
qa_TesterTester305,qa_TesterTester305@TestMail.com,Qualitest223
qa_TesterTester306,qa_TesterTester306@TestMail.com,Qualitest224
qa_TesterTester307,qa_TesterTester307@TestMail.com,Qualitest225
qa_TesterTester308,qa_TesterTester308@TestMail.com,Qualitest226
qa_TesterTester309,qa_TesterTester309@TestMail.com,Qualitest227
qa_TesterTester310,qa_TesterTester310@TestMail.com,Qualitest228
qa_TesterTester311,qa_TesterTester311@TestMail.com,Qualitest229
qa_TesterTester312,qa_TesterTester312@TestMail.com,Qualitest230
qa_TesterTester313,qa_TesterTester313@TestMail.com,Qualitest231
qa_TesterTester314,qa_TesterTester314@TestMail.com,Qualitest232
qa_TesterTester315,qa_TesterTester315@TestMail.com,Qualitest233
qa_TesterTester316,qa_TesterTester316@TestMail.com,Qualitest234
qa_TesterTester317,qa_TesterTester317@TestMail.com,Qualitest235
qa_TesterTester318,qa_TesterTester318@TestMail.com,Qualitest236
qa_TesterTester319,qa_TesterTester319@TestMail.com,Qualitest237
qa_TesterTester320,qa_TesterTester320@TestMail.com,Qualitest238
qa_TesterTester321,qa_TesterTester321@TestMail.com,Qualitest239
qa_TesterTester322,qa_TesterTester322@TestMail.com,Qualitest240
qa_TesterTester323,qa_TesterTester323@TestMail.com,Qualitest241
qa_TesterTester324,qa_TesterTester324@TestMail.com,Qualitest242
qa_TesterTester325,qa_TesterTester325@TestMail.com,Qualitest243
qa_TesterTester326,qa_TesterTester326@TestMail.com,Qualitest244
qa_TesterTester327,qa_TesterTester327@TestMail.com,Qualitest245
qa_TesterTester328,qa_TesterTester328@TestMail.com,Qualitest246
qa_TesterTester329,qa_TesterTester329@TestMail.com,Qualitest247
qa_TesterTester330,qa_TesterTester330@TestMail.com,Qualitest248
qa_TesterTester331,qa_TesterTester331@TestMail.com,Qualitest249
qa_TesterTester332,qa_TesterTester332@TestMail.com,Qualitest250
qa_TesterTester333,qa_TesterTester333@TestMail.com,Qualitest251
qa_TesterTester334,qa_TesterTester334@TestMail.com,Qualitest252
qa_TesterTester335,qa_TesterTester335@TestMail.com,Qualitest253
qa_TesterTester336,qa_TesterTester336@TestMail.com,Qualitest254
qa_TesterTester337,qa_TesterTester337@TestMail.com,Qualitest255
qa_TesterTester338,qa_TesterTester338@TestMail.com,Qualitest256
qa_TesterTester339,qa_TesterTester339@TestMail.com,Qualitest257
qa_TesterTester340,qa_TesterTester340@TestMail.com,Qualitest258
qa_TesterTester341,qa_TesterTester341@TestMail.com,Qualitest259
qa_TesterTester342,qa_TesterTester342@TestMail.com,Qualitest260
qa_TesterTester343,qa_TesterTester343@TestMail.com,Qualitest261
qa_TesterTester344,qa_TesterTester344@TestMail.com,Qualitest262
qa_TesterTester345,qa_TesterTester345@TestMail.com,Qualitest263
qa_TesterTester346,qa_TesterTester346@TestMail.com,Qualitest264
qa_TesterTester347,qa_TesterTester347@TestMail.com,Qualitest265
qa_TesterTester348,qa_TesterTester348@TestMail.com,Qualitest266
qa_TesterTester349,qa_TesterTester349@TestMail.com,Qualitest267
qa_TesterTester350,qa_TesterTester350@TestMail.com,Qualitest268
qa_TesterTester351,qa_TesterTester351@TestMail.com,Qualitest269
qa_TesterTester352,qa_TesterTester352@TestMail.com,Qualitest270
qa_TesterTester353,qa_TesterTester353@TestMail.com,Qualitest271
qa_TesterTester354,qa_TesterTester354@TestMail.com,Qualitest272
qa_TesterTester355,qa_TesterTester355@TestMail.com,Qualitest273
qa_TesterTester356,qa_TesterTester356@TestMail.com,Qualitest274
qa_TesterTester357,qa_TesterTester357@TestMail.com,Qualitest275
qa_TesterTester358,qa_TesterTester358@TestMail.com,Qualitest276
qa_TesterTester359,qa_TesterTester359@TestMail.com,Qualitest277
qa_TesterTester360,qa_TesterTester360@TestMail.com,Qualitest278
qa_TesterTester361,qa_TesterTester361@TestMail.com,Qualitest279
qa_TesterTester362,qa_TesterTester362@TestMail.com,Qualitest280
qa_TesterTester363,qa_TesterTester363@TestMail.com,Qualitest281
qa_TesterTester364,qa_TesterTester364@TestMail.com,Qualitest282
qa_TesterTester365,qa_TesterTester365@TestMail.com,Qualitest283
qa_TesterTester366,qa_TesterTester366@TestMail.com,Qualitest284
qa_TesterTester367,qa_TesterTester367@TestMail.com,Qualitest285
qa_TesterTester368,qa_TesterTester368@TestMail.com,Qualitest286
qa_TesterTester369,qa_TesterTester369@TestMail.com,Qualitest287
qa_TesterTester370,qa_TesterTester370@TestMail.com,Qualitest288
qa_TesterTester371,qa_TesterTester371@TestMail.com,Qualitest289
qa_TesterTester372,qa_TesterTester372@TestMail.com,Qualitest290
qa_TesterTester373,qa_TesterTester373@TestMail.com,Qualitest291
qa_TesterTester374,qa_TesterTester374@TestMail.com,Qualitest292
qa_TesterTester375,qa_TesterTester375@TestMail.com,Qualitest293
qa_TesterTester376,qa_TesterTester376@TestMail.com,Qualitest294
qa_TesterTester377,qa_TesterTester377@TestMail.com,Qualitest295
qa_TesterTester378,qa_TesterTester378@TestMail.com,Qualitest296
qa_TesterTester379,qa_TesterTester379@TestMail.com,Qualitest297
qa_TesterTester380,qa_TesterTester380@TestMail.com,Qualitest298
qa_TesterTester381,qa_TesterTester381@TestMail.com,Qualitest299
qa_TesterTester382,qa_TesterTester382@TestMail.com,Qualitest300
qa_TesterTester383,qa_TesterTester383@TestMail.com,Qualitest301
qa_TesterTester384,qa_TesterTester384@TestMail.com,Qualitest302
qa_TesterTester385,qa_TesterTester385@TestMail.com,Qualitest303
qa_TesterTester386,qa_TesterTester386@TestMail.com,Qualitest304
qa_TesterTester387,qa_TesterTester387@TestMail.com,Qualitest305
qa_TesterTester388,qa_TesterTester388@TestMail.com,Qualitest306
qa_TesterTester389,qa_TesterTester389@TestMail.com,Qualitest307
qa_TesterTester390,qa_TesterTester390@TestMail.com,Qualitest308
qa_TesterTester391,qa_TesterTester391@TestMail.com,Qualitest309
qa_TesterTester392,qa_TesterTester392@TestMail.com,Qualitest310
qa_TesterTester393,qa_TesterTester393@TestMail.com,Qualitest311
qa_TesterTester394,qa_TesterTester394@TestMail.com,Qualitest312
qa_TesterTester395,qa_TesterTester395@TestMail.com,Qualitest313
qa_TesterTester396,qa_TesterTester396@TestMail.com,Qualitest314
qa_TesterTester397,qa_TesterTester397@TestMail.com,Qualitest315
qa_TesterTester398,qa_TesterTester398@TestMail.com,Qualitest316
qa_TesterTester399,qa_TesterTester399@TestMail.com,Qualitest317
qa_TesterTester400,qa_TesterTester400@TestMail.com,Qualitest318
qa_TesterTester401,qa_TesterTester401@TestMail.com,Qualitest319
qa_TesterTester402,qa_TesterTester402@TestMail.com,Qualitest320
qa_TesterTester403,qa_TesterTester403@TestMail.com,Qualitest321
qa_TesterTester404,qa_TesterTester404@TestMail.com,Qualitest322
qa_TesterTester405,qa_TesterTester405@TestMail.com,Qualitest323
qa_TesterTester406,qa_TesterTester406@TestMail.com,Qualitest324
qa_TesterTester407,qa_TesterTester407@TestMail.com,Qualitest325
qa_TesterTester408,qa_TesterTester408@TestMail.com,Qualitest326
qa_TesterTester409,qa_TesterTester409@TestMail.com,Qualitest327
qa_TesterTester410,qa_TesterTester410@TestMail.com,Qualitest328
qa_TesterTester411,qa_TesterTester411@TestMail.com,Qualitest329
qa_TesterTester412,qa_TesterTester412@TestMail.com,Qualitest330
qa_TesterTester413,qa_TesterTester413@TestMail.com,Qualitest331
qa_TesterTester414,qa_TesterTester414@TestMail.com,Qualitest332
qa_TesterTester415,qa_TesterTester415@TestMail.com,Qualitest333
qa_TesterTester416,qa_TesterTester416@TestMail.com,Qualitest334
qa_TesterTester417,qa_TesterTester417@TestMail.com,Qualitest335
qa_TesterTester418,qa_TesterTester418@TestMail.com,Qualitest336
qa_TesterTester419,qa_TesterTester419@TestMail.com,Qualitest337
qa_TesterTester420,qa_TesterTester420@TestMail.com,Qualitest338
qa_TesterTester421,qa_TesterTester421@TestMail.com,Qualitest339
qa_TesterTester422,qa_TesterTester422@TestMail.com,Qualitest340
qa_TesterTester423,qa_TesterTester423@TestMail.com,Qualitest341
qa_TesterTester424,qa_TesterTester424@TestMail.com,Qualitest342
qa_TesterTester425,qa_TesterTester425@TestMail.com,Qualitest343
qa_TesterTester426,qa_TesterTester426@TestMail.com,Qualitest344
qa_TesterTester427,qa_TesterTester427@TestMail.com,Qualitest345
qa_TesterTester428,qa_TesterTester428@TestMail.com,Qualitest346
qa_TesterTester429,qa_TesterTester429@TestMail.com,Qualitest347
qa_TesterTester430,qa_TesterTester430@TestMail.com,Qualitest348
qa_TesterTester431,qa_TesterTester431@TestMail.com,Qualitest349
qa_TesterTester432,qa_TesterTester432@TestMail.com,Qualitest350
qa_TesterTester433,qa_TesterTester433@TestMail.com,Qualitest351
qa_TesterTester434,qa_TesterTester434@TestMail.com,Qualitest352
qa_TesterTester435,qa_TesterTester435@TestMail.com,Qualitest353
qa_TesterTester436,qa_TesterTester436@TestMail.com,Qualitest354
qa_TesterTester437,qa_TesterTester437@TestMail.com,Qualitest355
qa_TesterTester438,qa_TesterTester438@TestMail.com,Qualitest356
qa_TesterTester439,qa_TesterTester439@TestMail.com,Qualitest357
qa_TesterTester440,qa_TesterTester440@TestMail.com,Qualitest358
qa_TesterTester441,qa_TesterTester441@TestMail.com,Qualitest359
qa_TesterTester442,qa_TesterTester442@TestMail.com,Qualitest360
qa_TesterTester443,qa_TesterTester443@TestMail.com,Qualitest361
qa_TesterTester444,qa_TesterTester444@TestMail.com,Qualitest362
qa_TesterTester445,qa_TesterTester445@TestMail.com,Qualitest363
qa_TesterTester446,qa_TesterTester446@TestMail.com,Qualitest364
qa_TesterTester447,qa_TesterTester447@TestMail.com,Qualitest365
qa_TesterTester448,qa_TesterTester448@TestMail.com,Qualitest366
qa_TesterTester449,qa_TesterTester449@TestMail.com,Qualitest367
qa_TesterTester450,qa_TesterTester450@TestMail.com,Qualitest368
qa_TesterTester451,qa_TesterTester451@TestMail.com,Qualitest369
qa_TesterTester452,qa_TesterTester452@TestMail.com,Qualitest370
qa_TesterTester453,qa_TesterTester453@TestMail.com,Qualitest371
qa_TesterTester454,qa_TesterTester454@TestMail.com,Qualitest372
qa_TesterTester455,qa_TesterTester455@TestMail.com,Qualitest373
qa_TesterTester456,qa_TesterTester456@TestMail.com,Qualitest374
qa_TesterTester457,qa_TesterTester457@TestMail.com,Qualitest375
qa_TesterTester458,qa_TesterTester458@TestMail.com,Qualitest376
qa_TesterTester459,qa_TesterTester459@TestMail.com,Qualitest377
qa_TesterTester460,qa_TesterTester460@TestMail.com,Qualitest378
qa_TesterTester461,qa_TesterTester461@TestMail.com,Qualitest379
qa_TesterTester462,qa_TesterTester462@TestMail.com,Qualitest380
qa_TesterTester463,qa_TesterTester463@TestMail.com,Qualitest381
qa_TesterTester464,qa_TesterTester464@TestMail.com,Qualitest382
qa_TesterTester465,qa_TesterTester465@TestMail.com,Qualitest383
qa_TesterTester466,qa_TesterTester466@TestMail.com,Qualitest384
qa_TesterTester467,qa_TesterTester467@TestMail.com,Qualitest385
qa_TesterTester468,qa_TesterTester468@TestMail.com,Qualitest386
qa_TesterTester469,qa_TesterTester469@TestMail.com,Qualitest387
qa_TesterTester470,qa_TesterTester470@TestMail.com,Qualitest388
qa_TesterTester471,qa_TesterTester471@TestMail.com,Qualitest389
qa_TesterTester472,qa_TesterTester472@TestMail.com,Qualitest390
qa_TesterTester473,qa_TesterTester473@TestMail.com,Qualitest391
qa_TesterTester474,qa_TesterTester474@TestMail.com,Qualitest392
qa_TesterTester475,qa_TesterTester475@TestMail.com,Qualitest393
qa_TesterTester476,qa_TesterTester476@TestMail.com,Qualitest394
qa_TesterTester477,qa_TesterTester477@TestMail.com,Qualitest395
qa_TesterTester478,qa_TesterTester478@TestMail.com,Qualitest396
qa_TesterTester479,qa_TesterTester479@TestMail.com,Qualitest397
qa_TesterTester480,qa_TesterTester480@TestMail.com,Qualitest398
qa_TesterTester481,qa_TesterTester481@TestMail.com,Qualitest399
qa_TesterTester482,qa_TesterTester482@TestMail.com,Qualitest400
qa_TesterTester483,qa_TesterTester483@TestMail.com,Qualitest401
qa_TesterTester484,qa_TesterTester484@TestMail.com,Qualitest402
qa_TesterTester485,qa_TesterTester485@TestMail.com,Qualitest403
qa_TesterTester486,qa_TesterTester486@TestMail.com,Qualitest404
qa_TesterTester487,qa_TesterTester487@TestMail.com,Qualitest405
qa_TesterTester488,qa_TesterTester488@TestMail.com,Qualitest406
qa_TesterTester489,qa_TesterTester489@TestMail.com,Qualitest407
qa_TesterTester490,qa_TesterTester490@TestMail.com,Qualitest408
qa_TesterTester491,qa_TesterTester491@TestMail.com,Qualitest409
qa_TesterTester492,qa_TesterTester492@TestMail.com,Qualitest410
qa_TesterTester493,qa_TesterTester493@TestMail.com,Qualitest411
qa_TesterTester494,qa_TesterTester494@TestMail.com,Qualitest412
qa_TesterTester495,qa_TesterTester495@TestMail.com,Qualitest413
qa_TesterTester496,qa_TesterTester496@TestMail.com,Qualitest414
qa_TesterTester497,qa_TesterTester497@TestMail.com,Qualitest415
qa_TesterTester498,qa_TesterTester498@TestMail.com,Qualitest416
qa_TesterTester499,qa_TesterTester499@TestMail.com,Qualitest417
qa_TesterTester500,qa_TesterTester500@TestMail.com,Qualitest418
qa_TesterTester501,qa_TesterTester501@TestMail.com,Qualitest419
qa_TesterTester502,qa_TesterTester502@TestMail.com,Qualitest420
qa_TesterTester503,qa_TesterTester503@TestMail.com,Qualitest421
qa_TesterTester504,qa_TesterTester504@TestMail.com,Qualitest422
qa_TesterTester505,qa_TesterTester505@TestMail.com,Qualitest423
qa_TesterTester506,qa_TesterTester506@TestMail.com,Qualitest424
qa_TesterTester507,qa_TesterTester507@TestMail.com,Qualitest425
qa_TesterTester508,qa_TesterTester508@TestMail.com,Qualitest426
qa_TesterTester509,qa_TesterTester509@TestMail.com,Qualitest427
qa_TesterTester510,qa_TesterTester510@TestMail.com,Qualitest428
qa_TesterTester511,qa_TesterTester511@TestMail.com,Qualitest429
qa_TesterTester512,qa_TesterTester512@TestMail.com,Qualitest430
qa_TesterTester513,qa_TesterTester513@TestMail.com,Qualitest431
qa_TesterTester514,qa_TesterTester514@TestMail.com,Qualitest432
qa_TesterTester515,qa_TesterTester515@TestMail.com,Qualitest433
qa_TesterTester516,qa_TesterTester516@TestMail.com,Qualitest434
qa_TesterTester517,qa_TesterTester517@TestMail.com,Qualitest435
qa_TesterTester518,qa_TesterTester518@TestMail.com,Qualitest436
qa_TesterTester519,qa_TesterTester519@TestMail.com,Qualitest437
qa_TesterTester520,qa_TesterTester520@TestMail.com,Qualitest438
qa_TesterTester521,qa_TesterTester521@TestMail.com,Qualitest439
qa_TesterTester522,qa_TesterTester522@TestMail.com,Qualitest440
qa_TesterTester523,qa_TesterTester523@TestMail.com,Qualitest441
qa_TesterTester524,qa_TesterTester524@TestMail.com,Qualitest442
qa_TesterTester525,qa_TesterTester525@TestMail.com,Qualitest443
qa_TesterTester526,qa_TesterTester526@TestMail.com,Qualitest444
qa_TesterTester527,qa_TesterTester527@TestMail.com,Qualitest445
qa_TesterTester528,qa_TesterTester528@TestMail.com,Qualitest446
qa_TesterTester529,qa_TesterTester529@TestMail.com,Qualitest447
qa_TesterTester530,qa_TesterTester530@TestMail.com,Qualitest448
qa_TesterTester531,qa_TesterTester531@TestMail.com,Qualitest449
qa_TesterTester532,qa_TesterTester532@TestMail.com,Qualitest450
qa_TesterTester533,qa_TesterTester533@TestMail.com,Qualitest451
qa_TesterTester534,qa_TesterTester534@TestMail.com,Qualitest452
qa_TesterTester535,qa_TesterTester535@TestMail.com,Qualitest453
qa_TesterTester536,qa_TesterTester536@TestMail.com,Qualitest454
qa_TesterTester537,qa_TesterTester537@TestMail.com,Qualitest455
qa_TesterTester538,qa_TesterTester538@TestMail.com,Qualitest456
qa_TesterTester539,qa_TesterTester539@TestMail.com,Qualitest457
qa_TesterTester540,qa_TesterTester540@TestMail.com,Qualitest458
qa_TesterTester541,qa_TesterTester541@TestMail.com,Qualitest459
qa_TesterTester542,qa_TesterTester542@TestMail.com,Qualitest460
qa_TesterTester543,qa_TesterTester543@TestMail.com,Qualitest461
qa_TesterTester544,qa_TesterTester544@TestMail.com,Qualitest462
qa_TesterTester545,qa_TesterTester545@TestMail.com,Qualitest463
qa_TesterTester546,qa_TesterTester546@TestMail.com,Qualitest464
qa_TesterTester547,qa_TesterTester547@TestMail.com,Qualitest465
qa_TesterTester548,qa_TesterTester548@TestMail.com,Qualitest466
qa_TesterTester549,qa_TesterTester549@TestMail.com,Qualitest467
qa_TesterTester550,qa_TesterTester550@TestMail.com,Qualitest468
qa_TesterTester551,qa_TesterTester551@TestMail.com,Qualitest469
qa_TesterTester552,qa_TesterTester552@TestMail.com,Qualitest470
qa_TesterTester553,qa_TesterTester553@TestMail.com,Qualitest471
qa_TesterTester554,qa_TesterTester554@TestMail.com,Qualitest472
qa_TesterTester555,qa_TesterTester555@TestMail.com,Qualitest473
qa_TesterTester556,qa_TesterTester556@TestMail.com,Qualitest474
qa_TesterTester557,qa_TesterTester557@TestMail.com,Qualitest475
qa_TesterTester558,qa_TesterTester558@TestMail.com,Qualitest476
qa_TesterTester559,qa_TesterTester559@TestMail.com,Qualitest477
qa_TesterTester560,qa_TesterTester560@TestMail.com,Qualitest478
qa_TesterTester561,qa_TesterTester561@TestMail.com,Qualitest479
qa_TesterTester562,qa_TesterTester562@TestMail.com,Qualitest480
qa_TesterTester563,qa_TesterTester563@TestMail.com,Qualitest481
qa_TesterTester564,qa_TesterTester564@TestMail.com,Qualitest482
qa_TesterTester565,qa_TesterTester565@TestMail.com,Qualitest483
qa_TesterTester566,qa_TesterTester566@TestMail.com,Qualitest484
qa_TesterTester567,qa_TesterTester567@TestMail.com,Qualitest485
qa_TesterTester568,qa_TesterTester568@TestMail.com,Qualitest486
qa_TesterTester569,qa_TesterTester569@TestMail.com,Qualitest487
qa_TesterTester570,qa_TesterTester570@TestMail.com,Qualitest488
qa_TesterTester571,qa_TesterTester571@TestMail.com,Qualitest489
qa_TesterTester572,qa_TesterTester572@TestMail.com,Qualitest490
qa_TesterTester573,qa_TesterTester573@TestMail.com,Qualitest491
qa_TesterTester574,qa_TesterTester574@TestMail.com,Qualitest492
qa_TesterTester575,qa_TesterTester575@TestMail.com,Qualitest493
qa_TesterTester576,qa_TesterTester576@TestMail.com,Qualitest494
qa_TesterTester577,qa_TesterTester577@TestMail.com,Qualitest495
qa_TesterTester578,qa_TesterTester578@TestMail.com,Qualitest496
qa_TesterTester579,qa_TesterTester579@TestMail.com,Qualitest497
qa_TesterTester580,qa_TesterTester580@TestMail.com,Qualitest498
qa_TesterTester581,qa_TesterTester581@TestMail.com,Qualitest499
qa_TesterTester582,qa_TesterTester582@TestMail.com,Qualitest500
qa_TesterTester583,qa_TesterTester583@TestMail.com,Qualitest501
qa_TesterTester584,qa_TesterTester584@TestMail.com,Qualitest502
qa_TesterTester585,qa_TesterTester585@TestMail.com,Qualitest503
qa_TesterTester586,qa_TesterTester586@TestMail.com,Qualitest504
qa_TesterTester587,qa_TesterTester587@TestMail.com,Qualitest505
qa_TesterTester588,qa_TesterTester588@TestMail.com,Qualitest506
qa_TesterTester589,qa_TesterTester589@TestMail.com,Qualitest507
qa_TesterTester590,qa_TesterTester590@TestMail.com,Qualitest508
qa_TesterTester591,qa_TesterTester591@TestMail.com,Qualitest509
qa_TesterTester592,qa_TesterTester592@TestMail.com,Qualitest510
qa_TesterTester593,qa_TesterTester593@TestMail.com,Qualitest511
qa_TesterTester594,qa_TesterTester594@TestMail.com,Qualitest512
qa_TesterTester595,qa_TesterTester595@TestMail.com,Qualitest513
qa_TesterTester596,qa_TesterTester596@TestMail.com,Qualitest514
qa_TesterTester597,qa_TesterTester597@TestMail.com,Qualitest515
qa_TesterTester598,qa_TesterTester598@TestMail.com,Qualitest516
qa_TesterTester599,qa_TesterTester599@TestMail.com,Qualitest517
qa_TesterTester600,qa_TesterTester600@TestMail.com,Qualitest518
qa_TesterTester601,qa_TesterTester601@TestMail.com,Qualitest519
qa_TesterTester602,qa_TesterTester602@TestMail.com,Qualitest520
qa_TesterTester603,qa_TesterTester603@TestMail.com,Qualitest521
qa_TesterTester604,qa_TesterTester604@TestMail.com,Qualitest522
qa_TesterTester605,qa_TesterTester605@TestMail.com,Qualitest523
qa_TesterTester606,qa_TesterTester606@TestMail.com,Qualitest524
qa_TesterTester607,qa_TesterTester607@TestMail.com,Qualitest525
qa_TesterTester608,qa_TesterTester608@TestMail.com,Qualitest526
qa_TesterTester609,qa_TesterTester609@TestMail.com,Qualitest527
qa_TesterTester610,qa_TesterTester610@TestMail.com,Qualitest528
qa_TesterTester611,qa_TesterTester611@TestMail.com,Qualitest529
qa_TesterTester612,qa_TesterTester612@TestMail.com,Qualitest530
qa_TesterTester613,qa_TesterTester613@TestMail.com,Qualitest531
qa_TesterTester614,qa_TesterTester614@TestMail.com,Qualitest532
qa_TesterTester615,qa_TesterTester615@TestMail.com,Qualitest533
qa_TesterTester616,qa_TesterTester616@TestMail.com,Qualitest534
qa_TesterTester617,qa_TesterTester617@TestMail.com,Qualitest535
qa_TesterTester618,qa_TesterTester618@TestMail.com,Qualitest536
qa_TesterTester619,qa_TesterTester619@TestMail.com,Qualitest537
qa_TesterTester620,qa_TesterTester620@TestMail.com,Qualitest538
qa_TesterTester621,qa_TesterTester621@TestMail.com,Qualitest539
qa_TesterTester622,qa_TesterTester622@TestMail.com,Qualitest540
qa_TesterTester623,qa_TesterTester623@TestMail.com,Qualitest541
qa_TesterTester624,qa_TesterTester624@TestMail.com,Qualitest542
qa_TesterTester625,qa_TesterTester625@TestMail.com,Qualitest543
qa_TesterTester626,qa_TesterTester626@TestMail.com,Qualitest544
qa_TesterTester627,qa_TesterTester627@TestMail.com,Qualitest545
qa_TesterTester628,qa_TesterTester628@TestMail.com,Qualitest546
qa_TesterTester629,qa_TesterTester629@TestMail.com,Qualitest547
qa_TesterTester630,qa_TesterTester630@TestMail.com,Qualitest548
qa_TesterTester631,qa_TesterTester631@TestMail.com,Qualitest549
qa_TesterTester632,qa_TesterTester632@TestMail.com,Qualitest550
qa_TesterTester633,qa_TesterTester633@TestMail.com,Qualitest551
qa_TesterTester634,qa_TesterTester634@TestMail.com,Qualitest552
qa_TesterTester635,qa_TesterTester635@TestMail.com,Qualitest553
qa_TesterTester636,qa_TesterTester636@TestMail.com,Qualitest554
qa_TesterTester637,qa_TesterTester637@TestMail.com,Qualitest555
qa_TesterTester638,qa_TesterTester638@TestMail.com,Qualitest556
qa_TesterTester639,qa_TesterTester639@TestMail.com,Qualitest557
qa_TesterTester640,qa_TesterTester640@TestMail.com,Qualitest558
qa_TesterTester641,qa_TesterTester641@TestMail.com,Qualitest559
qa_TesterTester642,qa_TesterTester642@TestMail.com,Qualitest560
qa_TesterTester643,qa_TesterTester643@TestMail.com,Qualitest561
qa_TesterTester644,qa_TesterTester644@TestMail.com,Qualitest562
qa_TesterTester645,qa_TesterTester645@TestMail.com,Qualitest563
qa_TesterTester646,qa_TesterTester646@TestMail.com,Qualitest564
qa_TesterTester647,qa_TesterTester647@TestMail.com,Qualitest565
qa_TesterTester648,qa_TesterTester648@TestMail.com,Qualitest566
qa_TesterTester649,qa_TesterTester649@TestMail.com,Qualitest567
qa_TesterTester650,qa_TesterTester650@TestMail.com,Qualitest568
qa_TesterTester651,qa_TesterTester651@TestMail.com,Qualitest569
qa_TesterTester652,qa_TesterTester652@TestMail.com,Qualitest570
qa_TesterTester653,qa_TesterTester653@TestMail.com,Qualitest571
qa_TesterTester654,qa_TesterTester654@TestMail.com,Qualitest572
qa_TesterTester655,qa_TesterTester655@TestMail.com,Qualitest573
qa_TesterTester656,qa_TesterTester656@TestMail.com,Qualitest574
qa_TesterTester657,qa_TesterTester657@TestMail.com,Qualitest575
qa_TesterTester658,qa_TesterTester658@TestMail.com,Qualitest576
qa_TesterTester659,qa_TesterTester659@TestMail.com,Qualitest577
qa_TesterTester660,qa_TesterTester660@TestMail.com,Qualitest578
qa_TesterTester661,qa_TesterTester661@TestMail.com,Qualitest579
qa_TesterTester662,qa_TesterTester662@TestMail.com,Qualitest580
qa_TesterTester663,qa_TesterTester663@TestMail.com,Qualitest581
qa_TesterTester664,qa_TesterTester664@TestMail.com,Qualitest582
qa_TesterTester665,qa_TesterTester665@TestMail.com,Qualitest583
qa_TesterTester666,qa_TesterTester666@TestMail.com,Qualitest584
qa_TesterTester667,qa_TesterTester667@TestMail.com,Qualitest585
qa_TesterTester668,qa_TesterTester668@TestMail.com,Qualitest586
qa_TesterTester669,qa_TesterTester669@TestMail.com,Qualitest587
qa_TesterTester670,qa_TesterTester670@TestMail.com,Qualitest588
qa_TesterTester671,qa_TesterTester671@TestMail.com,Qualitest589
qa_TesterTester672,qa_TesterTester672@TestMail.com,Qualitest590
qa_TesterTester673,qa_TesterTester673@TestMail.com,Qualitest591
qa_TesterTester674,qa_TesterTester674@TestMail.com,Qualitest592
qa_TesterTester675,qa_TesterTester675@TestMail.com,Qualitest593
qa_TesterTester676,qa_TesterTester676@TestMail.com,Qualitest594
qa_TesterTester677,qa_TesterTester677@TestMail.com,Qualitest595
qa_TesterTester678,qa_TesterTester678@TestMail.com,Qualitest596
qa_TesterTester679,qa_TesterTester679@TestMail.com,Qualitest597
qa_TesterTester680,qa_TesterTester680@TestMail.com,Qualitest598
qa_TesterTester681,qa_TesterTester681@TestMail.com,Qualitest599
qa_TesterTester682,qa_TesterTester682@TestMail.com,Qualitest600
qa_TesterTester683,qa_TesterTester683@TestMail.com,Qualitest601
qa_TesterTester684,qa_TesterTester684@TestMail.com,Qualitest602
qa_TesterTester685,qa_TesterTester685@TestMail.com,Qualitest603
qa_TesterTester686,qa_TesterTester686@TestMail.com,Qualitest604
qa_TesterTester687,qa_TesterTester687@TestMail.com,Qualitest605
qa_TesterTester688,qa_TesterTester688@TestMail.com,Qualitest606
qa_TesterTester689,qa_TesterTester689@TestMail.com,Qualitest607
qa_TesterTester690,qa_TesterTester690@TestMail.com,Qualitest608
qa_TesterTester691,qa_TesterTester691@TestMail.com,Qualitest609
qa_TesterTester692,qa_TesterTester692@TestMail.com,Qualitest610
qa_TesterTester693,qa_TesterTester693@TestMail.com,Qualitest611
qa_TesterTester694,qa_TesterTester694@TestMail.com,Qualitest612
qa_TesterTester695,qa_TesterTester695@TestMail.com,Qualitest613
qa_TesterTester696,qa_TesterTester696@TestMail.com,Qualitest614
qa_TesterTester697,qa_TesterTester697@TestMail.com,Qualitest615
qa_TesterTester698,qa_TesterTester698@TestMail.com,Qualitest616
qa_TesterTester699,qa_TesterTester699@TestMail.com,Qualitest617
qa_TesterTester700,qa_TesterTester700@TestMail.com,Qualitest618
qa_TesterTester701,qa_TesterTester701@TestMail.com,Qualitest619
qa_TesterTester702,qa_TesterTester702@TestMail.com,Qualitest620
qa_TesterTester703,qa_TesterTester703@TestMail.com,Qualitest621
qa_TesterTester704,qa_TesterTester704@TestMail.com,Qualitest622
qa_TesterTester705,qa_TesterTester705@TestMail.com,Qualitest623
qa_TesterTester706,qa_TesterTester706@TestMail.com,Qualitest624
qa_TesterTester707,qa_TesterTester707@TestMail.com,Qualitest625
qa_TesterTester708,qa_TesterTester708@TestMail.com,Qualitest626
qa_TesterTester709,qa_TesterTester709@TestMail.com,Qualitest627
qa_TesterTester710,qa_TesterTester710@TestMail.com,Qualitest628
qa_TesterTester711,qa_TesterTester711@TestMail.com,Qualitest629
qa_TesterTester712,qa_TesterTester712@TestMail.com,Qualitest630
qa_TesterTester713,qa_TesterTester713@TestMail.com,Qualitest631
qa_TesterTester714,qa_TesterTester714@TestMail.com,Qualitest632
qa_TesterTester715,qa_TesterTester715@TestMail.com,Qualitest633
qa_TesterTester716,qa_TesterTester716@TestMail.com,Qualitest634
qa_TesterTester717,qa_TesterTester717@TestMail.com,Qualitest635
qa_TesterTester718,qa_TesterTester718@TestMail.com,Qualitest636
qa_TesterTester719,qa_TesterTester719@TestMail.com,Qualitest637
qa_TesterTester720,qa_TesterTester720@TestMail.com,Qualitest638
qa_TesterTester721,qa_TesterTester721@TestMail.com,Qualitest639
qa_TesterTester722,qa_TesterTester722@TestMail.com,Qualitest640
qa_TesterTester723,qa_TesterTester723@TestMail.com,Qualitest641
qa_TesterTester724,qa_TesterTester724@TestMail.com,Qualitest642
qa_TesterTester725,qa_TesterTester725@TestMail.com,Qualitest643
qa_TesterTester726,qa_TesterTester726@TestMail.com,Qualitest644
qa_TesterTester727,qa_TesterTester727@TestMail.com,Qualitest645
qa_TesterTester728,qa_TesterTester728@TestMail.com,Qualitest646
qa_TesterTester729,qa_TesterTester729@TestMail.com,Qualitest647
qa_TesterTester730,qa_TesterTester730@TestMail.com,Qualitest648
qa_TesterTester731,qa_TesterTester731@TestMail.com,Qualitest649
qa_TesterTester732,qa_TesterTester732@TestMail.com,Qualitest650
qa_TesterTester733,qa_TesterTester733@TestMail.com,Qualitest651
qa_TesterTester734,qa_TesterTester734@TestMail.com,Qualitest652
qa_TesterTester735,qa_TesterTester735@TestMail.com,Qualitest653
qa_TesterTester736,qa_TesterTester736@TestMail.com,Qualitest654
qa_TesterTester737,qa_TesterTester737@TestMail.com,Qualitest655
qa_TesterTester738,qa_TesterTester738@TestMail.com,Qualitest656
qa_TesterTester739,qa_TesterTester739@TestMail.com,Qualitest657
qa_TesterTester740,qa_TesterTester740@TestMail.com,Qualitest658
qa_TesterTester741,qa_TesterTester741@TestMail.com,Qualitest659
qa_TesterTester742,qa_TesterTester742@TestMail.com,Qualitest660
qa_TesterTester743,qa_TesterTester743@TestMail.com,Qualitest661
qa_TesterTester744,qa_TesterTester744@TestMail.com,Qualitest662
qa_TesterTester745,qa_TesterTester745@TestMail.com,Qualitest663
qa_TesterTester746,qa_TesterTester746@TestMail.com,Qualitest664
qa_TesterTester747,qa_TesterTester747@TestMail.com,Qualitest665
qa_TesterTester748,qa_TesterTester748@TestMail.com,Qualitest666
qa_TesterTester749,qa_TesterTester749@TestMail.com,Qualitest667
qa_TesterTester750,qa_TesterTester750@TestMail.com,Qualitest668
qa_TesterTester751,qa_TesterTester751@TestMail.com,Qualitest669
qa_TesterTester752,qa_TesterTester752@TestMail.com,Qualitest670
qa_TesterTester753,qa_TesterTester753@TestMail.com,Qualitest671
qa_TesterTester754,qa_TesterTester754@TestMail.com,Qualitest672
qa_TesterTester755,qa_TesterTester755@TestMail.com,Qualitest673
qa_TesterTester756,qa_TesterTester756@TestMail.com,Qualitest674
qa_TesterTester757,qa_TesterTester757@TestMail.com,Qualitest675
qa_TesterTester758,qa_TesterTester758@TestMail.com,Qualitest676
qa_TesterTester759,qa_TesterTester759@TestMail.com,Qualitest677
qa_TesterTester760,qa_TesterTester760@TestMail.com,Qualitest678
qa_TesterTester761,qa_TesterTester761@TestMail.com,Qualitest679
qa_TesterTester762,qa_TesterTester762@TestMail.com,Qualitest680
qa_TesterTester763,qa_TesterTester763@TestMail.com,Qualitest681
qa_TesterTester764,qa_TesterTester764@TestMail.com,Qualitest682
qa_TesterTester765,qa_TesterTester765@TestMail.com,Qualitest683
qa_TesterTester766,qa_TesterTester766@TestMail.com,Qualitest684
qa_TesterTester767,qa_TesterTester767@TestMail.com,Qualitest685
qa_TesterTester768,qa_TesterTester768@TestMail.com,Qualitest686
qa_TesterTester769,qa_TesterTester769@TestMail.com,Qualitest687
qa_TesterTester770,qa_TesterTester770@TestMail.com,Qualitest688
qa_TesterTester771,qa_TesterTester771@TestMail.com,Qualitest689
qa_TesterTester772,qa_TesterTester772@TestMail.com,Qualitest690
qa_TesterTester773,qa_TesterTester773@TestMail.com,Qualitest691
qa_TesterTester774,qa_TesterTester774@TestMail.com,Qualitest692
qa_TesterTester775,qa_TesterTester775@TestMail.com,Qualitest693
qa_TesterTester776,qa_TesterTester776@TestMail.com,Qualitest694
qa_TesterTester777,qa_TesterTester777@TestMail.com,Qualitest695
qa_TesterTester778,qa_TesterTester778@TestMail.com,Qualitest696
qa_TesterTester779,qa_TesterTester779@TestMail.com,Qualitest697
qa_TesterTester780,qa_TesterTester780@TestMail.com,Qualitest698
qa_TesterTester781,qa_TesterTester781@TestMail.com,Qualitest699
qa_TesterTester782,qa_TesterTester782@TestMail.com,Qualitest700
qa_TesterTester783,qa_TesterTester783@TestMail.com,Qualitest701
qa_TesterTester784,qa_TesterTester784@TestMail.com,Qualitest702
qa_TesterTester785,qa_TesterTester785@TestMail.com,Qualitest703
qa_TesterTester786,qa_TesterTester786@TestMail.com,Qualitest704
qa_TesterTester787,qa_TesterTester787@TestMail.com,Qualitest705
qa_TesterTester788,qa_TesterTester788@TestMail.com,Qualitest706
qa_TesterTester789,qa_TesterTester789@TestMail.com,Qualitest707
qa_TesterTester790,qa_TesterTester790@TestMail.com,Qualitest708
qa_TesterTester791,qa_TesterTester791@TestMail.com,Qualitest709
qa_TesterTester792,qa_TesterTester792@TestMail.com,Qualitest710
qa_TesterTester793,qa_TesterTester793@TestMail.com,Qualitest711
qa_TesterTester794,qa_TesterTester794@TestMail.com,Qualitest712
qa_TesterTester795,qa_TesterTester795@TestMail.com,Qualitest713
qa_TesterTester796,qa_TesterTester796@TestMail.com,Qualitest714
qa_TesterTester797,qa_TesterTester797@TestMail.com,Qualitest715
qa_TesterTester798,qa_TesterTester798@TestMail.com,Qualitest716
qa_TesterTester799,qa_TesterTester799@TestMail.com,Qualitest717
qa_TesterTester800,qa_TesterTester800@TestMail.com,Qualitest718
qa_TesterTester801,qa_TesterTester801@TestMail.com,Qualitest719
qa_TesterTester802,qa_TesterTester802@TestMail.com,Qualitest720
qa_TesterTester803,qa_TesterTester803@TestMail.com,Qualitest721
qa_TesterTester804,qa_TesterTester804@TestMail.com,Qualitest722
qa_TesterTester805,qa_TesterTester805@TestMail.com,Qualitest723
qa_TesterTester806,qa_TesterTester806@TestMail.com,Qualitest724
qa_TesterTester807,qa_TesterTester807@TestMail.com,Qualitest725
qa_TesterTester808,qa_TesterTester808@TestMail.com,Qualitest726
qa_TesterTester809,qa_TesterTester809@TestMail.com,Qualitest727
qa_TesterTester810,qa_TesterTester810@TestMail.com,Qualitest728
qa_TesterTester811,qa_TesterTester811@TestMail.com,Qualitest729
qa_TesterTester812,qa_TesterTester812@TestMail.com,Qualitest730
qa_TesterTester813,qa_TesterTester813@TestMail.com,Qualitest731
qa_TesterTester814,qa_TesterTester814@TestMail.com,Qualitest732
qa_TesterTester815,qa_TesterTester815@TestMail.com,Qualitest733
qa_TesterTester816,qa_TesterTester816@TestMail.com,Qualitest734
qa_TesterTester817,qa_TesterTester817@TestMail.com,Qualitest735
qa_TesterTester818,qa_TesterTester818@TestMail.com,Qualitest736
qa_TesterTester819,qa_TesterTester819@TestMail.com,Qualitest737
qa_TesterTester820,qa_TesterTester820@TestMail.com,Qualitest738
qa_TesterTester821,qa_TesterTester821@TestMail.com,Qualitest739
qa_TesterTester822,qa_TesterTester822@TestMail.com,Qualitest740
qa_TesterTester823,qa_TesterTester823@TestMail.com,Qualitest741
qa_TesterTester824,qa_TesterTester824@TestMail.com,Qualitest742
qa_TesterTester825,qa_TesterTester825@TestMail.com,Qualitest743
qa_TesterTester826,qa_TesterTester826@TestMail.com,Qualitest744
qa_TesterTester827,qa_TesterTester827@TestMail.com,Qualitest745
qa_TesterTester828,qa_TesterTester828@TestMail.com,Qualitest746
qa_TesterTester829,qa_TesterTester829@TestMail.com,Qualitest747
qa_TesterTester830,qa_TesterTester830@TestMail.com,Qualitest748
qa_TesterTester831,qa_TesterTester831@TestMail.com,Qualitest749
qa_TesterTester832,qa_TesterTester832@TestMail.com,Qualitest750
qa_TesterTester833,qa_TesterTester833@TestMail.com,Qualitest751
qa_TesterTester834,qa_TesterTester834@TestMail.com,Qualitest752
qa_TesterTester835,qa_TesterTester835@TestMail.com,Qualitest753
qa_TesterTester836,qa_TesterTester836@TestMail.com,Qualitest754
qa_TesterTester837,qa_TesterTester837@TestMail.com,Qualitest755
qa_TesterTester838,qa_TesterTester838@TestMail.com,Qualitest756
qa_TesterTester839,qa_TesterTester839@TestMail.com,Qualitest757
qa_TesterTester840,qa_TesterTester840@TestMail.com,Qualitest758
qa_TesterTester841,qa_TesterTester841@TestMail.com,Qualitest759
qa_TesterTester842,qa_TesterTester842@TestMail.com,Qualitest760
qa_TesterTester843,qa_TesterTester843@TestMail.com,Qualitest761
qa_TesterTester844,qa_TesterTester844@TestMail.com,Qualitest762
qa_TesterTester845,qa_TesterTester845@TestMail.com,Qualitest763
qa_TesterTester846,qa_TesterTester846@TestMail.com,Qualitest764
qa_TesterTester847,qa_TesterTester847@TestMail.com,Qualitest765
qa_TesterTester848,qa_TesterTester848@TestMail.com,Qualitest766
qa_TesterTester849,qa_TesterTester849@TestMail.com,Qualitest767
qa_TesterTester850,qa_TesterTester850@TestMail.com,Qualitest768
qa_TesterTester851,qa_TesterTester851@TestMail.com,Qualitest769
qa_TesterTester852,qa_TesterTester852@TestMail.com,Qualitest770
qa_TesterTester853,qa_TesterTester853@TestMail.com,Qualitest771
qa_TesterTester854,qa_TesterTester854@TestMail.com,Qualitest772
qa_TesterTester855,qa_TesterTester855@TestMail.com,Qualitest773
qa_TesterTester856,qa_TesterTester856@TestMail.com,Qualitest774
qa_TesterTester857,qa_TesterTester857@TestMail.com,Qualitest775
qa_TesterTester858,qa_TesterTester858@TestMail.com,Qualitest776
qa_TesterTester859,qa_TesterTester859@TestMail.com,Qualitest777
qa_TesterTester860,qa_TesterTester860@TestMail.com,Qualitest778
qa_TesterTester861,qa_TesterTester861@TestMail.com,Qualitest779
qa_TesterTester862,qa_TesterTester862@TestMail.com,Qualitest780
qa_TesterTester863,qa_TesterTester863@TestMail.com,Qualitest781
qa_TesterTester864,qa_TesterTester864@TestMail.com,Qualitest782
qa_TesterTester865,qa_TesterTester865@TestMail.com,Qualitest783
qa_TesterTester866,qa_TesterTester866@TestMail.com,Qualitest784
qa_TesterTester867,qa_TesterTester867@TestMail.com,Qualitest785
qa_TesterTester868,qa_TesterTester868@TestMail.com,Qualitest786
qa_TesterTester869,qa_TesterTester869@TestMail.com,Qualitest787
qa_TesterTester870,qa_TesterTester870@TestMail.com,Qualitest788
qa_TesterTester871,qa_TesterTester871@TestMail.com,Qualitest789
qa_TesterTester872,qa_TesterTester872@TestMail.com,Qualitest790
qa_TesterTester873,qa_TesterTester873@TestMail.com,Qualitest791
qa_TesterTester874,qa_TesterTester874@TestMail.com,Qualitest792
qa_TesterTester875,qa_TesterTester875@TestMail.com,Qualitest793
qa_TesterTester876,qa_TesterTester876@TestMail.com,Qualitest794
qa_TesterTester877,qa_TesterTester877@TestMail.com,Qualitest795
qa_TesterTester878,qa_TesterTester878@TestMail.com,Qualitest796
qa_TesterTester879,qa_TesterTester879@TestMail.com,Qualitest797
qa_TesterTester880,qa_TesterTester880@TestMail.com,Qualitest798
qa_TesterTester881,qa_TesterTester881@TestMail.com,Qualitest799
qa_TesterTester882,qa_TesterTester882@TestMail.com,Qualitest800
qa_TesterTester883,qa_TesterTester883@TestMail.com,Qualitest801
qa_TesterTester884,qa_TesterTester884@TestMail.com,Qualitest802
qa_TesterTester885,qa_TesterTester885@TestMail.com,Qualitest803
qa_TesterTester886,qa_TesterTester886@TestMail.com,Qualitest804
qa_TesterTester887,qa_TesterTester887@TestMail.com,Qualitest805
qa_TesterTester888,qa_TesterTester888@TestMail.com,Qualitest806
qa_TesterTester889,qa_TesterTester889@TestMail.com,Qualitest807
qa_TesterTester890,qa_TesterTester890@TestMail.com,Qualitest808
qa_TesterTester891,qa_TesterTester891@TestMail.com,Qualitest809
qa_TesterTester892,qa_TesterTester892@TestMail.com,Qualitest810
qa_TesterTester893,qa_TesterTester893@TestMail.com,Qualitest811
qa_TesterTester894,qa_TesterTester894@TestMail.com,Qualitest812
qa_TesterTester895,qa_TesterTester895@TestMail.com,Qualitest813
qa_TesterTester896,qa_TesterTester896@TestMail.com,Qualitest814
qa_TesterTester897,qa_TesterTester897@TestMail.com,Qualitest815
qa_TesterTester898,qa_TesterTester898@TestMail.com,Qualitest816
qa_TesterTester899,qa_TesterTester899@TestMail.com,Qualitest817
qa_TesterTester900,qa_TesterTester900@TestMail.com,Qualitest818
qa_TesterTester901,qa_TesterTester901@TestMail.com,Qualitest819
qa_TesterTester902,qa_TesterTester902@TestMail.com,Qualitest820
qa_TesterTester903,qa_TesterTester903@TestMail.com,Qualitest821
qa_TesterTester904,qa_TesterTester904@TestMail.com,Qualitest822
qa_TesterTester905,qa_TesterTester905@TestMail.com,Qualitest823
qa_TesterTester906,qa_TesterTester906@TestMail.com,Qualitest824
qa_TesterTester907,qa_TesterTester907@TestMail.com,Qualitest825
qa_TesterTester908,qa_TesterTester908@TestMail.com,Qualitest826
qa_TesterTester909,qa_TesterTester909@TestMail.com,Qualitest827
qa_TesterTester910,qa_TesterTester910@TestMail.com,Qualitest828
qa_TesterTester911,qa_TesterTester911@TestMail.com,Qualitest829
qa_TesterTester912,qa_TesterTester912@TestMail.com,Qualitest830
qa_TesterTester913,qa_TesterTester913@TestMail.com,Qualitest831
qa_TesterTester914,qa_TesterTester914@TestMail.com,Qualitest832
qa_TesterTester915,qa_TesterTester915@TestMail.com,Qualitest833
qa_TesterTester916,qa_TesterTester916@TestMail.com,Qualitest834
qa_TesterTester917,qa_TesterTester917@TestMail.com,Qualitest835
qa_TesterTester918,qa_TesterTester918@TestMail.com,Qualitest836
qa_TesterTester919,qa_TesterTester919@TestMail.com,Qualitest837
qa_TesterTester920,qa_TesterTester920@TestMail.com,Qualitest838
qa_TesterTester921,qa_TesterTester921@TestMail.com,Qualitest839
qa_TesterTester922,qa_TesterTester922@TestMail.com,Qualitest840
qa_TesterTester923,qa_TesterTester923@TestMail.com,Qualitest841
qa_TesterTester924,qa_TesterTester924@TestMail.com,Qualitest842
qa_TesterTester925,qa_TesterTester925@TestMail.com,Qualitest843
qa_TesterTester926,qa_TesterTester926@TestMail.com,Qualitest844
qa_TesterTester927,qa_TesterTester927@TestMail.com,Qualitest845
qa_TesterTester928,qa_TesterTester928@TestMail.com,Qualitest846
qa_TesterTester929,qa_TesterTester929@TestMail.com,Qualitest847
qa_TesterTester930,qa_TesterTester930@TestMail.com,Qualitest848
qa_TesterTester931,qa_TesterTester931@TestMail.com,Qualitest849
qa_TesterTester932,qa_TesterTester932@TestMail.com,Qualitest850
qa_TesterTester933,qa_TesterTester933@TestMail.com,Qualitest851
qa_TesterTester934,qa_TesterTester934@TestMail.com,Qualitest852
qa_TesterTester935,qa_TesterTester935@TestMail.com,Qualitest853
qa_TesterTester936,qa_TesterTester936@TestMail.com,Qualitest854
qa_TesterTester937,qa_TesterTester937@TestMail.com,Qualitest855
qa_TesterTester938,qa_TesterTester938@TestMail.com,Qualitest856
qa_TesterTester939,qa_TesterTester939@TestMail.com,Qualitest857
qa_TesterTester940,qa_TesterTester940@TestMail.com,Qualitest858
qa_TesterTester941,qa_TesterTester941@TestMail.com,Qualitest859
qa_TesterTester942,qa_TesterTester942@TestMail.com,Qualitest860
qa_TesterTester943,qa_TesterTester943@TestMail.com,Qualitest861
qa_TesterTester944,qa_TesterTester944@TestMail.com,Qualitest862
qa_TesterTester945,qa_TesterTester945@TestMail.com,Qualitest863
qa_TesterTester946,qa_TesterTester946@TestMail.com,Qualitest864
qa_TesterTester947,qa_TesterTester947@TestMail.com,Qualitest865
qa_TesterTester948,qa_TesterTester948@TestMail.com,Qualitest866
qa_TesterTester949,qa_TesterTester949@TestMail.com,Qualitest867
qa_TesterTester950,qa_TesterTester950@TestMail.com,Qualitest868
qa_TesterTester951,qa_TesterTester951@TestMail.com,Qualitest869
qa_TesterTester952,qa_TesterTester952@TestMail.com,Qualitest870
qa_TesterTester953,qa_TesterTester953@TestMail.com,Qualitest871
qa_TesterTester954,qa_TesterTester954@TestMail.com,Qualitest872
